<?xml version="1.0" ?>
<BOMWithAttributes>
   <UnknownComponent/>
   <Button description="Button1" partname="Button1">
      <PART_NUMBER>MCAD_20011</PART_NUMBER>
      <PartName>Button</PartName>
      <Qty>1.0</Qty>
      <Parent>ConveyorAsm1</Parent>
      <TYPE>button</TYPE>
   </Button>
   <Linear_conveyor description="ConveyorAsm1" partname="ConveyorAsm1">
      <PART_NUMBER>MCAD_20012</PART_NUMBER>
      <PartName>ConvAsm-Mech</PartName>
      <Qty>1.0</Qty>
      <Parent>ConveyorAsm1</Parent>
      <TYPE>linear_conveyor</TYPE>
      <conv_length>80.0</conv_length>
      <weight>180.0</weight>
   </Linear_conveyor>
   <Actuator description="Motor1" partname="Motor1">
      <PART_NUMBER>MCAD_20013</PART_NUMBER>
      <PartName>Motor-mech</PartName>
      <Qty>1.0</Qty>
      <Parent>ConveyorAsm1</Parent>
      <TYPE>actuator</TYPE>
      <shaft_dia>6.0</shaft_dia>
   </Actuator>
   <Proximity_sensor description="SensorAsm1" partname="SensorAsm1">
      <PART_NUMBER>MCAD_20014</PART_NUMBER>
      <PartName>sensor_asm1</PartName>
      <Qty>1.0</Qty>
      <Parent>ConveyorAsm1</Parent>
      <TYPE>proximity_sensor</TYPE>
      <sensing_range>10.0</sensing_range>
   </Proximity_sensor>
   <Proximity_sensor description="SensorAsm2" partname="SensorAsm2">
      <PART_NUMBER>MCAD_20015</PART_NUMBER>
      <PartName>sensor_asm2</PartName>
      <Qty>1.0</Qty>
      <Parent>ConveyorAsm1</Parent>
      <TYPE>proximity_sensor</TYPE>
      <sensing_range>10.0</sensing_range>
   </Proximity_sensor>
   <Light description="Lamp1" partname="Lamp1">
      <PART_NUMBER>MCAD_20016</PART_NUMBER>
      <PartName>lamp_mech</PartName>
      <Qty>1.0</Qty>
      <Parent>ConveyorAsm1</Parent>
      <TYPE>light</TYPE>
      <color>yellow</color>
   </Light>
   <UnknownComponent/>
</BOMWithAttributes>
