<?xml version="1.0" ?>
<SimplifiedBOM>
   <Component PART_NUMBER="nan" TYPE="Unknown" qty="1"/>
   <Component PART_NUMBER="MCAD_20011" TYPE="button" qty="1.0">
      <description>Button1</description>
      <PartName>Button1</PartName>
      <parent>ConveyorAsm1</parent>
   </Component>
   <Component PART_NUMBER="MCAD_20012" TYPE="linear_conveyor" qty="1.0">
      <description>ConveyorAsm1</description>
      <PartName>ConveyorAsm1</PartName>
      <parent>ConveyorAsm1</parent>
      <conv_length>80.0</conv_length>
      <weight>180.0</weight>
   </Component>
   <Component PART_NUMBER="MCAD_20013" TYPE="actuator" qty="1.0">
      <description>Motor1</description>
      <PartName>Motor1</PartName>
      <parent>ConveyorAsm1</parent>
      <shaft_dia>6.0</shaft_dia>
   </Component>
   <Component PART_NUMBER="MCAD_20014" TYPE="proximity_sensor" qty="1.0">
      <description>SensorAsm1</description>
      <PartName>SensorAsm1</PartName>
      <parent>ConveyorAsm1</parent>
      <sensing_range>10.0</sensing_range>
   </Component>
   <Component PART_NUMBER="MCAD_20015" TYPE="proximity_sensor" qty="1.0">
      <description>SensorAsm2</description>
      <PartName>SensorAsm2</PartName>
      <parent>ConveyorAsm1</parent>
      <sensing_range>10.0</sensing_range>
   </Component>
</SimplifiedBOM>
