<?xml version="1.0" ?>
<BOMByType>
   <UnknownComponent/>
   <Linear_conveyor>
      <PART_NUMBER>MCAD_20012</PART_NUMBER>
      <DESCRIPTION>ConveyorAsm1</DESCRIPTION>
      <PartName>ConveyorAsm1</PartName>
      <Qty>1.0</Qty>
      <Parent>ConveyorAsm1</Parent>
      <TYPE>linear_conveyor</TYPE>
      <conv_length>80.0</conv_length>
      <weight>180.0</weight>
   </Linear_conveyor>
   <Actuator>
      <PART_NUMBER>MCAD_20013</PART_NUMBER>
      <DESCRIPTION>Motor1</DESCRIPTION>
      <PartName>Motor1</PartName>
      <Qty>1.0</Qty>
      <Parent>ConveyorAsm1</Parent>
      <TYPE>actuator</TYPE>
      <shaft_dia>6.0</shaft_dia>
   </Actuator>
   <Proximity_sensor>
      <PART_NUMBER>MCAD_20014</PART_NUMBER>
      <DESCRIPTION>SensorAsm1</DESCRIPTION>
      <PartName>SensorAsm1</PartName>
      <Qty>1.0</Qty>
      <Parent>ConveyorAsm1</Parent>
      <TYPE>proximity_sensor</TYPE>
      <sensing_range>10.0</sensing_range>
   </Proximity_sensor>
   <Proximity_sensor>
      <PART_NUMBER>MCAD_20015</PART_NUMBER>
      <DESCRIPTION>SensorAsm2</DESCRIPTION>
      <PartName>SensorAsm2</PartName>
      <Qty>1.0</Qty>
      <Parent>ConveyorAsm1</Parent>
      <TYPE>proximity_sensor</TYPE>
      <sensing_range>10.0</sensing_range>
   </Proximity_sensor>
   <UnknownComponent/>
</BOMByType>
