<?xml version="1.0" ?>
<BOMWithEdgeCases>
   <UnknownComponent/>
   <Linear_conveyor description="ConveyorAsm1" PartName="ConveyorAsm1" qty="1.0">
      <PART_NUMBER>MCAD_20012</PART_NUMBER>
      <Parent>ConveyorAsm1</Parent>
      <TYPE>linear_conveyor</TYPE>
      <conv_length>80.0</conv_length>
      <Weight>180.0</Weight>
   </Linear_conveyor>
   <Actuator description="Motor1" PartName="Motor1" qty="1.0">
      <PART_NUMBER>MCAD_20013</PART_NUMBER>
      <Parent>ConveyorAsm1</Parent>
      <TYPE>actuator</TYPE>
      <shaft_dia>6.0</shaft_dia>
      <ShaftDiameter>6.0</ShaftDiameter>
   </Actuator>
   <Proximity_sensor PartName="SensorAsm1" qty="1.0">
      <PART_NUMBER>MCAD_20014</PART_NUMBER>
      <Parent>ConveyorAsm1</Parent>
      <TYPE>proximity_sensor</TYPE>
      <sensing_range>122.0</sensing_range>
   </Proximity_sensor>
   <Proximity_sensor PartName="SensorAsm2" qty="1.0">
      <PART_NUMBER>MCAD_20015</PART_NUMBER>
      <Parent>ConveyorAsm1</Parent>
      <TYPE>proximity_sensor</TYPE>
      <sensing_range>122.0</sensing_range>
   </Proximity_sensor>
   <UnknownComponent/>
</BOMWithEdgeCases>



